{

    "result": {
        "total": 9,
        "data": [
            {
                "productId": 150642571432850,
                "salePrice": 199.00,
                "productName": "超大屏电视",
                "subTitle": "无感观看，一切变得简单",
                "productImageBig": "https://cdn.cnbj0.fds.api.mi-img.com/b2c-shopapi-pms/pms_1614051032.3568739.jpg"
            },
            {
                "productId": 150642571432850,
                "salePrice": 199.00,
                "productName": "超大屏电视",
                "subTitle": "无感观看，一切变得简单",
                "productImageBig": "https://cdn.cnbj0.fds.api.mi-img.com/b2c-shopapi-pms/pms_1614051032.3568739.jpg"
            },
            {
                "productId": 150642571432850,
                "salePrice": 199.00,
                "productName": "超大屏电视",
                "subTitle": "无感观看，一切变得简单",
                "productImageBig": "https://cdn.cnbj0.fds.api.mi-img.com/b2c-shopapi-pms/pms_1614051032.3568739.jpg"
            },
            {
                "productId": 150642571432850,
                "salePrice": 199.00,
                "productName": "超大屏电视",
                "subTitle": "无感观看，一切变得简单",
                "productImageBig": "https://cdn.cnbj0.fds.api.mi-img.com/b2c-shopapi-pms/pms_1614051032.3568739.jpg"
            },
            {
                "productId": 150642571432850,
                "salePrice": 199.00,
                "productName": "超大屏电视",
                "subTitle": "无感观看，一切变得简单",
                "productImageBig": "https://cdn.cnbj0.fds.api.mi-img.com/b2c-shopapi-pms/pms_1614051032.3568739.jpg"
            },
            {
                "productId": 150642571432850,
                "salePrice": 199.00,
                "productName": "超大屏电视",
                "subTitle": "无感观看，一切变得简单",
                "productImageBig": "https://cdn.cnbj0.fds.api.mi-img.com/b2c-shopapi-pms/pms_1614051032.3568739.jpg"
            },
            {
                "productId": 150642571432850,
                "salePrice": 199.00,
                "productName": "超大屏电视",
                "subTitle": "无感观看，一切变得简单",
                "productImageBig": "https://cdn.cnbj0.fds.api.mi-img.com/b2c-shopapi-pms/pms_1614051032.3568739.jpg"
            },
            {
                "productId": 150642571432850,
                "salePrice": 199.00,
                "productName": "超大屏电视",
                "subTitle": "无感观看，一切变得简单",
                "productImageBig": "https://cdn.cnbj0.fds.api.mi-img.com/b2c-shopapi-pms/pms_1614051032.3568739.jpg"
            },
            {
                "productId": 150642571432850,
                "salePrice": 199.00,
                "productName": "超大屏电视",
                "subTitle": "无感观看，一切变得简单",
                "productImageBig": "https://cdn.cnbj0.fds.api.mi-img.com/b2c-shopapi-pms/pms_1614051032.3568739.jpg"
            }
        ]
    }
}